{"acc": [0.7734666874221668, 0.8309026696762142, 0.8447277786425903, 0.8523943415317559, 0.8565632783312578, 0.8612916407222914, 0.8643611846201743, 0.8656940768991283, 0.8674404576587795, 0.8680582580946451, 0.869624649750934, 0.8713758950809465, 0.8709672711706102, 0.8715169676214197, 0.8721055806351183, 0.8724752879825654, 0.872728245641345, 0.8729471513075965, 0.8726066313823163, 0.8726114959526775, 0.8723196217310087, 0.8736573785803238, 0.8737887219800747, 0.8728401307596513, 0.8726114959526775, 0.8736525140099627, 0.8734627957658779, 0.8742265333125778, 0.8729909324408468, 0.8740368150684932, 0.8740805962017435, 0.8744259806973848, 0.8740368150684932, 0.874197345890411, 0.8743967932752179, 0.8745135429638854, 0.8739881693648817, 0.8749416251556662, 0.8745524595267746, 0.8744940846824408, 0.8742216687422167, 0.8745038138231631, 0.8747373132004981, 0.8743238247198007, 0.8742751790161893, 0.8742849081569116, 0.8749318960149439, 0.8749416251556662, 0.8740416796388543, 0.8747762297633873, 0.8747908234744707, 0.8745913760896638, 0.8743140955790785, 0.8743870641344956, 0.8747227194894147, 0.8748589274595268, 0.8749416251556662, 0.8742411270236613, 0.8743578767123288, 0.8745865115193027], "loss": [0.623749418286224, 0.47864871270314396, 0.4412913029273487, 0.4194359668944574, 0.4051030349823766, 0.3952901059573755, 0.3883761832870979, 0.38358106830761596, 0.3793195284460004, 0.3752716730359204, 0.3739276567003127, 0.37036976667299665, 0.36922046589603646, 0.36772159577009833, 0.36636631493891586, 0.36524917192613315, 0.36498730035746935, 0.36331867345099617, 0.36394035203526187, 0.36331769238443, 0.36242252978546124, 0.36109745907939383, 0.3618976792528214, 0.36224868475050104, 0.3616201136734425, 0.3612870394233684, 0.3615137292768059, 0.3599092282179701, 0.36074717004364765, 0.36010789121460557, 0.36000267438623, 0.35946735762672066, 0.3598047017373822, 0.3594117963055652, 0.3593186578477917, 0.3591021845629845, 0.3595279164590257, 0.3596563169513487, 0.35908107491671704, 0.36033431244294994, 0.3595692480480528, 0.35981067649644344, 0.3589035553781137, 0.35921015137931794, 0.35871724635919333, 0.3596260570625254, 0.35827177808333566, 0.359169581818602, 0.35948080798450993, 0.35897176037571515, 0.3582546308782801, 0.35851049447283706, 0.35914474878121505, 0.35852364182024543, 0.35843803132808816, 0.35832092267313825, 0.3586871281375234, 0.3594443705733193, 0.358623451518491, 0.35805544808882744], "val_acc": [0.8274143302180685, 0.8262655763239876, 0.8424260124610592, 0.8454439252336449, 0.8489485981308411, 0.8526285046728972, 0.8529010903426791, 0.8468652647975078, 0.8519859813084112, 0.853309968847352, 0.855101246105919, 0.851518691588785, 0.855471183800623, 0.8555295950155763, 0.8533294392523364, 0.8549454828660437, 0.8566783489096573, 0.8550038940809969, 0.8532320872274143, 0.8547702492211838, 0.8574182242990654, 0.8481892523364486, 0.8537967289719626, 0.8542056074766355, 0.8557242990654206, 0.8506230529595016, 0.8529789719626168, 0.855471183800623, 0.8539135514018692, 0.8513823987538941, 0.8565225856697819, 0.8494742990654206, 0.8513823987538941, 0.8569119937694704, 0.8562305295950156, 0.8558411214953271, 0.8558605919003115, 0.8560942367601246, 0.8558021806853583, 0.8520249221183801, 0.8540693146417445, 0.856619937694704, 0.8575934579439253, 0.8573792834890965, 0.8561526479750778, 0.8541666666666666, 0.8564836448598131, 0.8576518691588785, 0.8545560747663551, 0.8531931464174455, 0.8564057632398754, 0.8548870716510903, 0.8518496884735203, 0.8582359813084112, 0.8574766355140186, 0.8583138629283489, 0.8511292834890966, 0.8549844236760125, 0.8574182242990654, 0.8564836448598131], "val_loss": [0.46760104790538826, 0.46437678721304, 0.42443593595745593, 0.4226432683419239, 0.40810500983601417, 0.40211747419321187, 0.4055826572115269, 0.4194562141336733, 0.40701598767307223, 0.4041385656964713, 0.4032731419724392, 0.411686603127648, 0.4010314122010661, 0.4040936563676078, 0.4096253812237646, 0.4142655193220535, 0.40409238599768454, 0.4119825230641098, 0.40682981246799477, 0.4025750509422451, 0.403179958655698, 0.42728252382813, 0.40536009325083555, 0.40625838710557644, 0.3990914557529345, 0.4224089182667054, 0.40832924603625464, 0.4098289475686541, 0.4064216284838311, 0.43073274657061156, 0.40583366860071723, 0.42342873457436614, 0.4167766534963652, 0.4097694817253728, 0.400013493185885, 0.4052039430764318, 0.40715441446216155, 0.4029057495129538, 0.40134618094185875, 0.4153830944216753, 0.40968734969266557, 0.4122109233208438, 0.40869977713861155, 0.39850279818335405, 0.40569960855384035, 0.4102424244847906, 0.40023034168278576, 0.4000204163430811, 0.41129832887211326, 0.44402025969630754, 0.3996932006293452, 0.40111237486873896, 0.4303987723223867, 0.40285118661832764, 0.39842172231655926, 0.40383546754393784, 0.41203747478092884, 0.4039474263976399, 0.39811062989143564, 0.3988212584379721]}