{"acc": [0.8056980882231234, 0.8516976330381528, 0.8610987544483986, 0.8669566746668874, 0.8701559008524373, 0.8725533807829181, 0.8747775800711743, 0.8765310767193578, 0.8775397252337995, 0.8783026773152363, 0.8789621782669866, 0.8798337540345941, 0.8799035835471324, 0.8809561987916908, 0.8814398328229744, 0.8816958743689481, 0.8818769138458992, 0.8817579450467599, 0.882347616485972, 0.882101920052967, 0.8816803566994952, 0.8826683149879997, 0.8824226185549946, 0.8828933211950675, 0.8828286642390135, 0.8826243482578829, 0.8826140031449143, 0.8825855540842505, 0.8828338367954978, 0.8831028097326823, 0.88224933791277, 0.8825312422411653, 0.8822881320864023, 0.8821329553918729, 0.8826165894231565, 0.8830071174377224, 0.8825881403624928, 0.8820579533228503, 0.8819984689232806, 0.8818044980551187, 0.8822596830257387, 0.8819570884714061, 0.8813751758669205, 0.8811915501117272, 0.881954502193164, 0.8811320657121576, 0.8813932798146156, 0.8815510427873873, 0.8811527559380948, 0.881382934701647, 0.8809458536787221, 0.8815251800049656, 0.8813700033104361, 0.8808372299925515, 0.8804337705867749, 0.8808061946536456, 0.8808656790532152, 0.880682053298022, 0.8807105023586858, 0.8802682487792767], "loss": [0.5548161383523093, 0.43582254286994504, 0.40766742865834854, 0.3926004644979396, 0.3830146050640391, 0.3762095311727043, 0.3708379098638827, 0.36588319977507244, 0.36253492303792584, 0.3598557550410463, 0.35815487828666503, 0.3559956691880465, 0.35405617686184165, 0.35332541636148995, 0.35143228107450575, 0.35057357968479647, 0.34986355269225555, 0.349403546294804, 0.3488461265158083, 0.3477151105511043, 0.34778202552421444, 0.34783461718837533, 0.3475204076132987, 0.3469706300612461, 0.3467386656171102, 0.3458528405740311, 0.3462534483479322, 0.34656763056927165, 0.3463607214808681, 0.3466274487687876, 0.34703701782268986, 0.34679358263195503, 0.3466702654620482, 0.3469445160380077, 0.3461389591464028, 0.3470559716688675, 0.34628590071259535, 0.34723608378731907, 0.3468618983604636, 0.34829586838157545, 0.347710323064402, 0.3484142788551821, 0.34818567943435613, 0.3492582197151791, 0.3493097856209801, 0.3501946766666009, 0.34947177009314956, 0.3501517060990884, 0.34959942372834124, 0.3500146114077876, 0.35038751538688456, 0.3504478747110996, 0.35061623954681936, 0.3516437656169896, 0.3506565513404545, 0.3514359886731438, 0.35236005729392234, 0.35245695324210913, 0.3525076110041145, 0.3527022304808345], "val_acc": [0.7989134933774834, 0.8020074503311259, 0.8333402317880795, 0.8456229304635762, 0.8491618377483444, 0.8494619205298013, 0.8526076158940398, 0.8538079470198675, 0.8490273178807947, 0.8508174668874172, 0.8511175496688742, 0.8543253311258279, 0.8538596854304635, 0.863203642384106, 0.851914321192053, 0.8548116721854304, 0.8741514900662252, 0.8546254139072847, 0.8512727649006623, 0.8523385761589404, 0.8730753311258278, 0.8561051324503312, 0.853880380794702, 0.853932119205298, 0.8552566225165563, 0.855142798013245, 0.8631105132450331, 0.8721854304635761, 0.8710264900662251, 0.85065190397351, 0.8543563741721855, 0.8578538907284768, 0.8733340231788079, 0.8548634105960264, 0.8670529801324504, 0.8542011589403974, 0.8506312086092715, 0.8630898178807948, 0.8471026490066225, 0.8697640728476821, 0.8670426324503311, 0.8500310430463576, 0.8525972682119205, 0.8692984271523179, 0.8492653145695365, 0.8627173013245033, 0.8505794701986755, 0.8489652317880795, 0.868046357615894, 0.8611341059602649, 0.8525972682119205, 0.8697123344370861, 0.8687293046357616, 0.8528973509933775, 0.8543563741721855, 0.8530008278145695, 0.8424151490066225, 0.8642487582781457, 0.8645488410596026, 0.8510244205298013], "val_loss": [0.5608555108671145, 0.48548952461951195, 0.45926471466758667, 0.44783388374852084, 0.43723921137603633, 0.4577720367881841, 0.4323460489003522, 0.42510402652492635, 0.4377945264234822, 0.41980176932222385, 0.44287428264277284, 0.4132828921022295, 0.4141071957469498, 0.40388131081601736, 0.4319363165640961, 0.41860762987129635, 0.405514867232387, 0.412494332012014, 0.44531761743000486, 0.43121566984043735, 0.4218031957717484, 0.40813116571693087, 0.4030668510849659, 0.4288412361759204, 0.4115093982667471, 0.4318381534208587, 0.44430137599346625, 0.4033101200680626, 0.41110714084733513, 0.4509912611628635, 0.43436253908700584, 0.40911669095269626, 0.4062198417782317, 0.4364476828141644, 0.4269478754681309, 0.41613564391550156, 0.44128890032985174, 0.4348148014654942, 0.45001699309739057, 0.4380554019560118, 0.41451853068353517, 0.4231203319336787, 0.41629443915163233, 0.4130347074035149, 0.4577306638421967, 0.4166391960709946, 0.41973943381195833, 0.4516016834981082, 0.3978878520675288, 0.4173860062814899, 0.44447437128263734, 0.4138966842143873, 0.45160536422060027, 0.4141178616662481, 0.42964500711426545, 0.4203830429589249, 0.5665717323898993, 0.4254018684766147, 0.436757783117562, 0.4784378746010728]}