{"acc": [0.8110698163138231, 0.8429570750311333, 0.8530997042341221, 0.859340948007472, 0.8634223225404732, 0.8670075108966376, 0.8694787126400996, 0.8714780510585305, 0.873530899750934, 0.8739492528019925], "loss": [0.532457979807716, 0.4455411082103496, 0.41655377570799507, 0.3988941433116942, 0.3864156818608864, 0.3778265732947092, 0.36956168106695636, 0.36490232199905986, 0.3594499664615427, 0.3570150554430663], "val_acc": [0.8264018691588785, 0.8390771028037384, 0.8443146417445483, 0.8467289719626169, 0.8542250778816199, 0.8538161993769471, 0.8551401869158879, 0.8591510903426791, 0.8565615264797508, 0.8595404984423676], "val_loss": [0.45793761800614846, 0.4282356278792407, 0.4174399789527198, 0.4066825726922497, 0.3934193586788468, 0.3907147910387177, 0.38930517656799707, 0.3836534293538186, 0.3878354799305959, 0.381320649085166]}