{"acc": [0.7773680728518058, 0.8150247120174346, 0.8235863558530511, 0.8290833203611457, 0.8322501556662516, 0.8353634806973848, 0.8369006849315068, 0.8384622120174346, 0.8398923957036114, 0.8410015177459527, 0.8414247353673724, 0.8420619940846824, 0.8419063278331258, 0.8424365660024906, 0.8424365660024906, 0.8437062188667497, 0.8439737702366127, 0.8439786348069739, 0.8440807907845579, 0.8443483421544209, 0.8441878113325031, 0.8448737157534246, 0.8446158935242839, 0.8451899128268991, 0.8452580168119551, 0.846021754358655, 0.8453699019302615, 0.8465373988169365, 0.8468487313200498, 0.8461287749066002], "loss": [0.6196893051122855, 0.5226520895725986, 0.4949366290627945, 0.4773772983947493, 0.4671814027097387, 0.45714678793013613, 0.4502332028474747, 0.44460649626818977, 0.4409121066566144, 0.43718062425646953, 0.4344563759204608, 0.4301802541615249, 0.42863953594410625, 0.42755129489384286, 0.4262449477566116, 0.4237733555976232, 0.42190188235124276, 0.42010333445874204, 0.4198072217265666, 0.4189571745143937, 0.41690076579679625, 0.41513370711978054, 0.4156101780756844, 0.4150443506794767, 0.4124817632470433, 0.4119791622606488, 0.41166073477515025, 0.4113080900146221, 0.4097884513245221, 0.40928199552556277], "val_acc": [0.8038356697819314, 0.8052180685358256, 0.8071845794392524, 0.8081970404984423, 0.8075350467289719, 0.8052570093457944, 0.8054906542056075, 0.8063862928348909, 0.8048091900311527, 0.8066978193146418, 0.8056853582554517, 0.8048286604361371, 0.8033099688473521, 0.8042640186915888, 0.8046339563862929, 0.8063473520249221, 0.8066004672897197, 0.8037967289719626, 0.8055880062305296, 0.8020638629283489, 0.8029205607476636, 0.804964953271028, 0.8054711838006231, 0.8070872274143303, 0.8060747663551402, 0.8046339563862929, 0.8036409657320872, 0.805880062305296, 0.8032320872274143, 0.8037772585669782], "val_loss": [0.5438384027329108, 0.5267792420461048, 0.5232259040295126, 0.5276579057149345, 0.5207658891716966, 0.5289277697795121, 0.5315998153565553, 0.5341741123700926, 0.540720620894706, 0.547463497280207, 0.5512882257778904, 0.546058516104026, 0.5500813762164846, 0.5470991881199418, 0.5518610108890564, 0.5482708364989949, 0.5501079399509695, 0.5629651190502702, 0.5636875116123239, 0.5566098060098773, 0.5690224018668617, 0.5815008347835613, 0.5717320890674593, 0.5782913420062582, 0.5754085388309028, 0.588188468474522, 0.5704712872681929, 0.5692427350457495, 0.5874754054879213, 0.5854602672216701]}