{"acc": [0.8203249248983919, 0.8843656122989928, 0.8993528008482063, 0.9088951228132179, 0.9158088884962008, 0.9190669729634211, 0.9227557872415622, 0.9249039141191023, 0.926632355539848, 0.9289295811980915, 0.929730296872239, 0.9310003975967486, 0.9319170789892207, 0.9331264357660364, 0.9337393974200389, 0.9345345909171232, 0.9349211433115392, 0.9356114154444248, 0.935754992048065, 0.9369533044707545, 0.9369367379395653, 0.9373343346881075, 0.938079828591624, 0.9375773104788832, 0.938405637038346, 0.9385105584025446, 0.9386486128291217, 0.9385713023502386, 0.9393278406078812, 0.9395266389821523, 0.939117997879484, 0.9397309595334865, 0.9398855804912529, 0.9397309595334865, 0.9393167962537551, 0.9395211168050892, 0.9394879837427107, 0.9394493285032691, 0.9395155946280261, 0.940150644990281, 0.9405316752076338, 0.9401727336985333, 0.9399628909701361, 0.9398082700123697, 0.9401727336985333, 0.940150644990281, 0.940277655062732, 0.9401396006361548, 0.9396757377628556, 0.9402224332921011, 0.9392008305354302, 0.9402997437709842, 0.9398358808976851, 0.939824836543559, 0.9401285562820286, 0.9398579696059375, 0.9398137921894327, 0.9398800583141897, 0.9407912175295988, 0.9398966248453791], "loss": [0.5297696866907402, 0.35783049286091195, 0.31311216759050264, 0.2881617297483093, 0.269646258570845, 0.25796812792894674, 0.24877935597177034, 0.24215681812992407, 0.23657663501858353, 0.2309780326089472, 0.22703518560457395, 0.2231965779347757, 0.21919777079986155, 0.21624652135861802, 0.21312275515198786, 0.2110967695335182, 0.21033434398662557, 0.20777158589481012, 0.20572659249310019, 0.20428623222828407, 0.20367514889063237, 0.20286958193514093, 0.20084021486395276, 0.20136885404491997, 0.19950331667285753, 0.1982581076643575, 0.19760093169445167, 0.19795177106209524, 0.19693279304390404, 0.19605763783555968, 0.19548729461615957, 0.19500118113991993, 0.193973314876379, 0.19460380044842296, 0.19473891165958335, 0.19333967880126504, 0.19331056059278576, 0.1930724494374813, 0.19343477149801253, 0.1925238752827334, 0.1930853797877489, 0.19282537141112427, 0.19235699740925583, 0.19223365394547015, 0.19080108044343835, 0.19231686502383052, 0.19287658680969644, 0.19161803370659616, 0.1926780756937189, 0.19120058887449715, 0.1924153525406308, 0.19133373767354436, 0.1921042552352627, 0.19193379082694784, 0.19135441720540983, 0.19205244710179478, 0.19076842317243445, 0.1911216750883361, 0.1909763887830712, 0.18995349266044473], "val_acc": [0.764718882602546, 0.7776697312588402, 0.8369872701555869, 0.8672869519094767, 0.8714197312588402, 0.9095650636492221, 0.8755083097595474, 0.8761934229137199, 0.8770553394625177, 0.9043935643564357, 0.8794642857142857, 0.9159299858557284, 0.917963224893918, 0.9245491513437057, 0.9227369165487977, 0.9211456859971712, 0.9179190240452617, 0.9160846888260255, 0.9248585572842999, 0.9251016619519095, 0.9195323550212164, 0.9237756364922206, 0.92127828854314, 0.9245270509193777, 0.9235988330975955, 0.9250132602545968, 0.8807682107496464, 0.9239524398868458, 0.9258088755304101, 0.9210793847241867, 0.926692892503536, 0.9205931753889675, 0.9247038543140028, 0.9234883309759547, 0.9186704384724187, 0.9266044908062234, 0.9215434936350778, 0.9248364568599717, 0.9188030410183875, 0.920526874115983, 0.9222507072135785, 0.9249911598302687, 0.9195986562942009, 0.9177864214992928, 0.9207257779349364, 0.9208804809052333, 0.9153332743988685, 0.9260298797736917, 0.9155984794908062, 0.920526874115983, 0.9095208628005658, 0.9193113507779349, 0.9123718175388967, 0.9075318246110325, 0.9108026874115983, 0.9153995756718529, 0.9104932814710043, 0.90684671145686, 0.9134989391796322, 0.9119519094766619], "val_loss": [0.662303587894352, 0.5355712981090078, 0.4683131976994568, 0.4216032130604207, 0.42086701027088935, 0.40367159846700584, 0.4217661355470604, 0.41035682164236165, 0.41829155015251934, 0.39469507668824183, 0.4042193816155447, 0.3810706272539402, 0.38787587390181766, 0.41423651976416664, 0.3921597589453454, 0.3572918553267843, 0.36623607117551293, 0.3860713257261425, 0.38165268302441835, 0.38066849090349886, 0.38955677537767414, 0.3548100680982856, 0.3931853669092269, 0.37852033836131366, 0.35432830263177056, 0.39809703624644255, 0.4364763090052526, 0.3771417373106521, 0.40699992250165756, 0.3473932569065681, 0.3782059132777807, 0.3707063284967917, 0.36303202775453286, 0.3383042842900221, 0.375994496254929, 0.348204248565216, 0.39194660517902913, 0.3543821820537832, 0.38314528943158277, 0.3511757214893948, 0.3452245370512819, 0.33763627637477084, 0.3872910953298572, 0.38532762207125015, 0.3981718209792092, 0.3612008976662031, 0.416679559221987, 0.34916021929707936, 0.3919479767570378, 0.35041172294626405, 0.3753021211468028, 0.3697935627448603, 0.4375690938584299, 0.3649988188815787, 0.37905413365147334, 0.35741035117395703, 0.3675800123096414, 0.3530318187926491, 0.37623607214307536, 0.38043346696521085]}