{"acc": [0.8005963963262764, 0.8358499377334994, 0.8487167263387297, 0.8563930183686177, 0.861675941780822, 0.866117294520548, 0.868821995641345, 0.8709380837484434, 0.8739687110834371, 0.8748394691780822, 0.8760556117683687, 0.8779868462017435, 0.8796699875466999, 0.8805261519302615, 0.8807839741594022, 0.8826714274595268, 0.8840578300124533, 0.8839167574719801, 0.8848994006849316, 0.8852739726027398, 0.8858771793275217, 0.8867917185554172, 0.8869133328144458, 0.8871030510585305, 0.8882510896637609, 0.8880905588418431, 0.8882559542341221, 0.8891753580323786, 0.8892483265877957, 0.8898709915940224], "loss": [0.5576071295015059, 0.46241369433724233, 0.427358947277932, 0.4056558854017374, 0.39009168264682254, 0.37961157128344736, 0.3713761294634078, 0.36501983045524966, 0.3593155142525269, 0.3545859116077386, 0.35072602914903744, 0.3475902218540961, 0.34230828925892987, 0.3402911498614936, 0.3373366732157275, 0.3345523736332943, 0.33095074848041106, 0.3295318106575585, 0.32675350501850375, 0.3255232616094582, 0.323699003482147, 0.32242851172762915, 0.32101805956400975, 0.31997332514575677, 0.3172585260225077, 0.3170745985505344, 0.3166571480823985, 0.31605507743024125, 0.31457563155362034, 0.3133215509989481], "val_acc": [0.8175233644859813, 0.8299454828660436, 0.8393496884735202, 0.8420950155763239, 0.8493769470404985, 0.851927570093458, 0.8513434579439252, 0.8500973520249221, 0.8558216510903427, 0.8560942367601246, 0.8586448598130841, 0.8558800623052959, 0.8577492211838006, 0.859190031152648, 0.8620132398753894, 0.8624415887850467, 0.8584890965732087, 0.8687305295950156, 0.8677959501557633, 0.8673481308411215, 0.8673286604361371, 0.870541277258567, 0.8695677570093457, 0.8671923676012461, 0.8692951713395639, 0.8695482866043613, 0.8705218068535826, 0.8684384735202493, 0.8725856697819314, 0.8712032710280374], "val_loss": [0.4859463465791718, 0.4538130454734299, 0.43113538917238214, 0.42632494724632714, 0.4087177288260476, 0.40143534941943304, 0.3999573466611005, 0.408233670336343, 0.3929334008594579, 0.39613343536493123, 0.38943532356527516, 0.3948012214355103, 0.38710143494212945, 0.3804318773487517, 0.37644221802634675, 0.37738340828230627, 0.3904834096486119, 0.3727338685011115, 0.37641287738898505, 0.372142613721221, 0.37378760653851073, 0.366226664157851, 0.3674312778798699, 0.3733157877139693, 0.37081245956867354, 0.36829841327107093, 0.3643485622572354, 0.3715534050150512, 0.3608140968386882, 0.36308914421469013]}