{"acc": [0.8161824797633873, 0.8522338107098381, 0.861009495641345, 0.8668567092154421, 0.8692841298256538, 0.8727914850560399, 0.875432946762142, 0.8768874533001245, 0.8785365426525529, 0.8799667263387297], "loss": [0.5114046045547701, 0.41580074202097667, 0.39076188619330915, 0.3751257212767621, 0.36478318023735457, 0.35666387201290334, 0.3510527339779017, 0.34583078907712234, 0.34146329954412685, 0.33650061688275723], "val_acc": [0.8388629283489096, 0.8469431464174455, 0.853309968847352, 0.8572819314641744, 0.857904984423676, 0.8584890965732087, 0.8607671339563863, 0.8576713395638629, 0.8623442367601246, 0.8596573208722741], "val_loss": [0.43197681781287506, 0.4106048910756743, 0.3967900077410541, 0.38834354779001246, 0.39360545088748833, 0.392262179193644, 0.3931837250968888, 0.39812360858715884, 0.3963614946984863, 0.4021013538778188]}