{"acc": [0.8198746886674969, 0.8563103206724783, 0.8665988869863014, 0.8726650062266501, 0.8778749610834371, 0.8802926525529265, 0.8829535725404732, 0.8842961939601495, 0.8858479919053549, 0.8862906678082192], "loss": [0.5089923160389567, 0.41293438684524664, 0.382406620248447, 0.3645484041976992, 0.3504540784612697, 0.34114609769305415, 0.334060799205794, 0.3274716925749307, 0.32244887273900147, 0.32056881568207873], "val_acc": [0.8393886292834891, 0.8561915887850468, 0.858411214953271, 0.8607281931464175, 0.8634735202492212, 0.8641744548286604, 0.8640771028037383, 0.8672897196261682, 0.8673676012461059, 0.8671144859813084], "val_loss": [0.43414903734143345, 0.40278821236655593, 0.3916351709851409, 0.3871021698595306, 0.38373740285551944, 0.3873535242125068, 0.3867687104325803, 0.38695979327058805, 0.38927339006878464, 0.38734309939385314]}