{"acc": [0.8050620719178082, 0.8458514943960149, 0.856538955479452, 0.862045649128269, 0.8661318882316313, 0.8695662749066002, 0.8732438900996264, 0.8755205090286425, 0.8774322851805728, 0.8792564990660025], "loss": [0.5364275886300269, 0.4298283935212536, 0.401133157951922, 0.3856139008702703, 0.3727511042777732, 0.36458682640691104, 0.3561580130612364, 0.3502403066573597, 0.3452217279588931, 0.3415934182343956], "val_acc": [0.8313473520249222, 0.8384540498442368, 0.8454439252336449, 0.8502920560747663, 0.8506230529595016, 0.8540303738317757, 0.857028816199377, 0.8578271028037383, 0.8610397196261682, 0.8617795950155763], "val_loss": [0.4419513777487351, 0.4200092125952395, 0.4033638772979013, 0.39785420166987145, 0.3953527293506737, 0.37788082891596464, 0.37652049224197753, 0.37508511182585896, 0.366129315569286, 0.3655012082709275]}