{"acc": [0.7974003735990037, 0.8344002957658779, 0.8482594567247821, 0.857205401618929, 0.8633688122665006, 0.8669442714819428, 0.8698678782689913, 0.8731417341220423, 0.874698396637609, 0.8764545065379825, 0.8778263153798257, 0.8788819271481942, 0.8793197384806973, 0.8800007783312578, 0.8802294131382317, 0.8803510273972602, 0.8804726416562889, 0.8816401385429639, 0.8818249922166874, 0.8815525762764632, 0.8819757938978829, 0.882681156600249, 0.8837173100871731, 0.8831043742216688, 0.883211394769614, 0.8835324564134496, 0.8831481553549191, 0.884247548256538, 0.8837854140722291, 0.8837367683686177], "loss": [0.5571837151750162, 0.46117071718659486, 0.4246412846045209, 0.4007568321681372, 0.3841268765667029, 0.37326199141044547, 0.3650275743653439, 0.3588395374067415, 0.3538121022655168, 0.35007886992765136, 0.34719381268817007, 0.3448294518413405, 0.3426147619028057, 0.3411939243738485, 0.34012355549541645, 0.3401955583249944, 0.3395088914999852, 0.33668839661079747, 0.33693041508683325, 0.33657247709153293, 0.3359614951741345, 0.33561233376242117, 0.334444826577267, 0.3340788127786038, 0.3336792889278461, 0.3334815044809657, 0.33292147074101186, 0.3321221990187236, 0.33233995340993006, 0.33199942291796597], "val_acc": [0.8166471962616823, 0.8325155763239875, 0.8405957943925234, 0.8507788161993769, 0.8543613707165109, 0.8482866043613707, 0.8593068535825545, 0.8616822429906542, 0.8601246105919003, 0.8648948598130841, 0.862636292834891, 0.865440031152648, 0.8653816199376947, 0.8659852024922119, 0.8665109034267913, 0.8653232087227415, 0.8695872274143303, 0.8684384735202493, 0.864797507788162, 0.866452492211838, 0.866316199376947, 0.8671144859813084, 0.8670171339563862, 0.8671923676012461, 0.8699182242990654, 0.8706386292834891, 0.8718263239875389, 0.8715342679127726, 0.871417445482866, 0.8702686915887851], "val_loss": [0.4820021813944261, 0.45111952166397973, 0.42603162767545455, 0.4061589541744928, 0.40207784709142014, 0.41293278916309534, 0.3910409996692944, 0.38878561325807914, 0.3868644511063853, 0.38108212431635985, 0.38374649721090437, 0.38149231785293264, 0.38378830517016965, 0.3794192730664563, 0.38661633386962824, 0.37927977126773527, 0.3715724257198148, 0.38205944274209813, 0.3835120021076902, 0.38291190667310004, 0.39612618853937187, 0.3812720530508289, 0.3889087235948181, 0.37894133674691655, 0.3786590972972593, 0.38463814961593423, 0.3763791392066275, 0.3742748346845576, 0.376116252724354, 0.3715680012993683]}