{"acc": [0.8072219411581569, 0.8432781366749689, 0.8525694660647571, 0.8591025840597758, 0.863417457970112, 0.8666815846824408, 0.8692062966998755, 0.8714585927770859, 0.8727671622042341, 0.87313200498132], "loss": [0.5279009937706541, 0.4361606549522648, 0.40869285379319564, 0.39200833584106576, 0.3806581887686776, 0.37089976813681286, 0.36403399195921043, 0.35873851527321904, 0.3548013696825111, 0.3520862271604482], "val_acc": [0.8222936137071651, 0.832904984423676, 0.8431464174454829, 0.8453660436137072, 0.8475077881619938, 0.8487733644859813, 0.8518691588785047, 0.8543419003115265, 0.8501168224299065, 0.8531152647975078], "val_loss": [0.4642734063739926, 0.43852676562051, 0.41327658554080676, 0.4088201189065509, 0.4019149428760093, 0.39636532328776275, 0.39409244130111687, 0.39320918003516414, 0.39996541503445476, 0.38946169920405665]}